Rank,Mountain,Height (m),Drop (m),Coordinates,Range,Canton(s),"First
ascent"
1,Monte Rosa (Dufourspitze),4634,2165,45°56′13″N 07°52′01″E﻿ / ﻿45.93694°N 7.86694°E﻿ / 45.93694; 7.86694,Pennine Alps,Valais,1855
2,Dom,4545,1046,46°05′38″N 07°51′32″E﻿ / ﻿46.09389°N 7.85889°E﻿ / 46.09389; 7.85889,Pennine Alps,Valais,1858
3,Lyskamm,4533,381,45°55′20″N 07°50′08″E﻿ / ﻿45.92222°N 7.83556°E﻿ / 45.92222; 7.83556,Pennine Alps,Valais,1861
4,Weisshorn,4506,1235,46°06′05″N 07°42′57″E﻿ / ﻿46.10139°N 7.71583°E﻿ / 46.10139; 7.71583,Pennine Alps,Valais,1861
5,Täschhorn,4491,210,46°05′01″N 07°51′26″E﻿ / ﻿46.08361°N 7.85722°E﻿ / 46.08361; 7.85722,Pennine Alps,Valais,1862
6,Matterhorn,4478,1042,45°58′35″N 07°39′31″E﻿ / ﻿45.97639°N 7.65861°E﻿ / 45.97639; 7.65861,Pennine Alps,Valais,1865
7,Dent Blanche,4357,915,46°02′03″N 07°36′43″E﻿ / ﻿46.03417°N 7.61194°E﻿ / 46.03417; 7.61194,Pennine Alps,Valais,1862
8,Nadelhorn,4327,206,46°06′32″N 07°51′51″E﻿ / ﻿46.10889°N 7.86417°E﻿ / 46.10889; 7.86417,Pennine Alps,Valais,1858
9,Grand Combin (de Grafeneire),4314,1517,45°56′15″N 07°17′57″E﻿ / ﻿45.93750°N 7.29917°E﻿ / 45.93750; 7.29917,Pennine Alps,Valais,1859
10,Finsteraarhorn,4274,2280,46°32′14″N 08°07′34″E﻿ / ﻿46.53722°N 8.12611°E﻿ / 46.53722; 8.12611,Bernese Alps,Bern/Valais,1829
11,Castor,4228,165,45°55′20″N 07°47′34″E﻿ / ﻿45.92222°N 7.79278°E﻿ / 45.92222; 7.79278,Pennine Alps,Valais,1861
12,Zinalrothorn,4221,490,46°03′54″N 07°41′25″E﻿ / ﻿46.06500°N 7.69028°E﻿ / 46.06500; 7.69028,Pennine Alps,Valais,1864
13,Alphubel,4206,359,46°03′47″N 07°51′50″E﻿ / ﻿46.06306°N 7.86389°E﻿ / 46.06306; 7.86389,Pennine Alps,Valais,1860
14,Rimpfischhorn,4199,642,46°01′24″N 07°53′03″E﻿ / ﻿46.02333°N 7.88417°E﻿ / 46.02333; 7.88417,Pennine Alps,Valais,1859
15,Aletschhorn,4193,1029,46°27′54″N 07°59′38″E﻿ / ﻿46.46500°N 7.99389°E﻿ / 46.46500; 7.99389,Bernese Alps,Valais,1859
16,Strahlhorn,4190,401,46°00′48″N 07°54′06″E﻿ / ﻿46.01333°N 7.90167°E﻿ / 46.01333; 7.90167,Pennine Alps,Valais,1854
17,Dent d'Hérens,4174,701,45°58′12″N 07°36′19″E﻿ / ﻿45.97000°N 7.60528°E﻿ / 45.97000; 7.60528,Pennine Alps,Valais,1863
18,"Breithorn
(western summit)",4164,439,45°56′28″N 07°44′56″E﻿ / ﻿45.94111°N 7.74889°E﻿ / 45.94111; 7.74889,Pennine Alps,Valais,1813
19,Jungfrau,4158,687,46°32′12″N 07°57′45″E﻿ / ﻿46.53667°N 7.96250°E﻿ / 46.53667; 7.96250,Bernese Alps,Bern/Valais,1811
20,Mönch,4107,584,46°33′30″N 07°59′50″E﻿ / ﻿46.55833°N 7.99722°E﻿ / 46.55833; 7.99722,Bernese Alps,Bern/Valais,1857
21,Pollux,4092,247,45°55′40″N 07°47′07″E﻿ / ﻿45.92778°N 7.78528°E﻿ / 45.92778; 7.78528,Pennine Alps,Valais,1864
22,Schreckhorn,4078,792,46°35′24″N 08°07′05″E﻿ / ﻿46.59000°N 8.11806°E﻿ / 46.59000; 8.11806,Bernese Alps,Bern,1861
23,Ober Gabelhorn,4063,536,46°02′19″N 07°40′05″E﻿ / ﻿46.03861°N 7.66806°E﻿ / 46.03861; 7.66806,Pennine Alps,Valais,1865
24,Piz Bernina,4049,2234,46°22′56″N 09°54′29″E﻿ / ﻿46.38222°N 9.90806°E﻿ / 46.38222; 9.90806,Bernina Range,Graubünden,1850
25,Gross Fiescherhorn,4049,398,46°33′05″N 08°03′41″E﻿ / ﻿46.55139°N 8.06139°E﻿ / 46.55139; 8.06139,Bernese Alps,Bern/Valais,1862
26,Gross Grünhorn,4044,305,46°31′55″N 08°04′40″E﻿ / ﻿46.53194°N 8.07778°E﻿ / 46.53194; 8.07778,Bernese Alps,Valais,1865
27,Allalinhorn,4027,255,46°02′46″N 07°53′41″E﻿ / ﻿46.04611°N 7.89472°E﻿ / 46.04611; 7.89472,Pennine Alps,Valais,1856
28,Weissmies,4017,1186,46°07′40″N 08°00′44″E﻿ / ﻿46.12778°N 8.01222°E﻿ / 46.12778; 8.01222,Pennine Alps,Valais,1855
29,Lagginhorn,4010,511,46°09′26″N 08°00′11″E﻿ / ﻿46.15722°N 8.00306°E﻿ / 46.15722; 8.00306,Pennine Alps,Valais,1856
30,Piz Zupò,3996,405,46°22′06″N 09°55′53″E﻿ / ﻿46.36833°N 9.93139°E﻿ / 46.36833; 9.93139,Bernina Range,Graubünden,1863
31,Fletschhorn,3985,297,46°10′04″N 08°00′11″E﻿ / ﻿46.16778°N 8.00306°E﻿ / 46.16778; 8.00306,Pennine Alps,Valais,1854
32,Gletscherhorn,3983,346,46°30′46″N 07°58′04″E﻿ / ﻿46.51278°N 7.96778°E﻿ / 46.51278; 7.96778,Bernese Alps,Bern/Valais,1867
33,Schalihorn,3975,225,46°05′04″N 07°42′18″E﻿ / ﻿46.08444°N 7.70500°E﻿ / 46.08444; 7.70500,Pennine Alps,Valais,
34,Eiger,3967,362,46°34′39″N 08°00′19″E﻿ / ﻿46.57750°N 8.00528°E﻿ / 46.57750; 8.00528,Bernese Alps,Bern,1858
35,Grand Cornier,3962,431,46°03′07″N 07°36′41″E﻿ / ﻿46.05194°N 7.61139°E﻿ / 46.05194; 7.61139,Pennine Alps,Valais,1865
36,Ebnefluh,3962,196,46°30′29″N 07°57′11″E﻿ / ﻿46.50806°N 7.95306°E﻿ / 46.50806; 7.95306,Bernese Alps,Bern/Valais,
37,Agassizhorn,3946,197,46°32′48″N 08°06′52″E﻿ / ﻿46.54667°N 8.11444°E﻿ / 46.54667; 8.11444,Bernese Alps,Bern/Valais,
38,Piz Roseg,3937,415,46°22′25″N 09°52′59″E﻿ / ﻿46.37361°N 9.88306°E﻿ / 46.37361; 9.88306,Bernina Range,Graubünden,1865
39,Bietschhorn,3934,806,46°23′30″N 07°51′03″E﻿ / ﻿46.39167°N 7.85083°E﻿ / 46.39167; 7.85083,Bernese Alps,Valais,1859
40,Trugberg,3933,306,46°32′48″N 08°00′55″E﻿ / ﻿46.54667°N 8.01528°E﻿ / 46.54667; 8.01528,Bernese Alps,Valais,1871
41,Gross Wannenhorn,3906,626,46°29′38″N 08°05′49″E﻿ / ﻿46.49389°N 8.09694°E﻿ / 46.49389; 8.09694,Bernese Alps,Valais,1864
42,Aiguille d'Argentière,3901,473,45°57′36″N 07°01′12″E﻿ / ﻿45.96000°N 7.02000°E﻿ / 45.96000; 7.02000,Mont Blanc massif,Valais,1864
43,Piz Palü,3901,213,46°22′42″N 09°57′38″E﻿ / ﻿46.37833°N 9.96056°E﻿ / 46.37833; 9.96056,Bernina Range,Graubünden,1866
44,Mittaghorn,3892,193,46°29′54″N 07°55′47″E﻿ / ﻿46.49833°N 7.92972°E﻿ / 46.49833; 7.92972,Bernese Alps,Bern/Valais,
45,Fiescher Gabelhorn,3876,152,46°30′08″N 08°05′03″E﻿ / ﻿46.50222°N 8.08417°E﻿ / 46.50222; 8.08417,Bernese Alps,Valais,
46,Ruinette,3875,851,45°58′45″N 07°24′01″E﻿ / ﻿45.97917°N 7.40028°E﻿ / 45.97917; 7.40028,Pennine Alps,Valais,1865
47,Mont Blanc de Cheilon,3870,174,45°59′35″N 07°25′02″E﻿ / ﻿45.99306°N 7.41722°E﻿ / 45.99306; 7.41722,Pennine Alps,Valais,1865
48,Bouquetins,3838,490,45°58′56″N 07°32′43″E﻿ / ﻿45.98222°N 7.54528°E﻿ / 45.98222; 7.54528,Pennine Alps,Valais,1871
49,Tour Noir,3837,302,45°56′56″N 07°02′15″E﻿ / ﻿45.94889°N 7.03750°E﻿ / 45.94889; 7.03750,Mont Blanc massif,Valais,1876
50,Brunegghorn,3833,293,46°07′33″N 07°44′45″E﻿ / ﻿46.12583°N 7.74583°E﻿ / 46.12583; 7.74583,Pennine Alps,Valais,
51,Nesthorn,3821,636,46°24′48″N 07°55′34″E﻿ / ﻿46.41333°N 7.92611°E﻿ / 46.41333; 7.92611,Bernese Alps,Valais,1865
52,Mont Dolent,3820,330,45°55′21″N 07°02′46″E﻿ / ﻿45.92250°N 7.04611°E﻿ / 45.92250; 7.04611,Mont Blanc massif,Valais,1864
53,Dreieckhorn,3811,188,46°28′41″N 08°01′12″E﻿ / ﻿46.47806°N 8.02000°E﻿ / 46.47806; 8.02000,Bernese Alps,Valais,
54,Cima di Jazzi,3803,243,45°58′52″N 07°53′41″E﻿ / ﻿45.98111°N 7.89472°E﻿ / 45.98111; 7.89472,Pennine Alps,Valais,
55,Tête de Valpelline,3799,234,45°58′31″N 07°34′52″E﻿ / ﻿45.97528°N 7.58111°E﻿ / 45.97528; 7.58111,Pennine Alps,Valais,
56,Schinhorn,3797,422,46°27′06″N 07°56′48″E﻿ / ﻿46.45167°N 7.94667°E﻿ / 46.45167; 7.94667,Bernese Alps,Valais,1869
57,Pigne d'Arolla,3796,249,45°59′28″N 07°27′18″E﻿ / ﻿45.99111°N 7.45500°E﻿ / 45.99111; 7.45500,Pennine Alps,Valais,1865
58,Balfrin,3796,235,46°08′06″N 07°52′49″E﻿ / ﻿46.13500°N 7.88028°E﻿ / 46.13500; 7.88028,Pennine Alps,Valais,
59,Pointe de Zinal,3789,301,46°01′37″N 07°37′50″E﻿ / ﻿46.02694°N 7.63056°E﻿ / 46.02694; 7.63056,Pennine Alps,Valais,1870
60,La Serpentine,3789,154,45°59′04″N 07°26′00″E﻿ / ﻿45.98444°N 7.43333°E﻿ / 45.98444; 7.43333,Pennine Alps,Valais,
61,Breithorn (Blatten),3785,251,46°26′08″N 07°53′38″E﻿ / ﻿46.43556°N 7.89389°E﻿ / 46.43556; 7.89389,Bernese Alps,Valais,
62,Breithorn (Lauterbrunnen),3780,443,46°28′43″N 07°52′36″E﻿ / ﻿46.47861°N 7.87667°E﻿ / 46.47861; 7.87667,Bernese Alps,Bern/Valais,1865
63,Grosshorn,3754,190,46°29′12″N 07°54′39″E﻿ / ﻿46.48667°N 7.91083°E﻿ / 46.48667; 7.91083,Bernese Alps,Bern/Valais,
64,Piz Morteratsch,3751,324,46°24′10″N 09°54′06″E﻿ / ﻿46.40278°N 9.90167°E﻿ / 46.40278; 9.90167,Bernina Range,Graubünden,1858
65,Geisshorn,3740,157,46°26′28″N 08°00′21″E﻿ / ﻿46.44111°N 8.00583°E﻿ / 46.44111; 8.00583,Bernese Alps,Valais,
66,Mont Vélan,3726,620,45°53′30″N 07°15′06″E﻿ / ﻿45.89167°N 7.25167°E﻿ / 45.89167; 7.25167,Pennine Alps,Valais,1779
67,Evêque,3716,647,45°57′52″N 07°30′10″E﻿ / ﻿45.96444°N 7.50278°E﻿ / 45.96444; 7.50278,Pennine Alps,Valais,1867
68,Combin de Corbassière,3716,312,45°58′41″N 07°16′50″E﻿ / ﻿45.97806°N 7.28056°E﻿ / 45.97806; 7.28056,Pennine Alps,Valais,1851
69,La Singla,3714,452,45°56′45″N 07°28′19″E﻿ / ﻿45.94583°N 7.47194°E﻿ / 45.94583; 7.47194,Pennine Alps,Valais,1867
70,Mont Durand,3713,169,46°02′02″N 07°39′02″E﻿ / ﻿46.03389°N 7.65056°E﻿ / 46.03389; 7.65056,Pennine Alps,Valais,
71,Tête Blanche,3710,153,45°59′15″N 07°34′30″E﻿ / ﻿45.98750°N 7.57500°E﻿ / 45.98750; 7.57500,Pennine Alps,Valais,
72,Wetterhörner (Mittelhorn),3704,579,46°38′07″N 08°07′29″E﻿ / ﻿46.63528°N 8.12472°E﻿ / 46.63528; 8.12472,Bernese Alps,Bern,1845
73,Le Pleureur,3704,467,46°00′59″N 07°22′09″E﻿ / ﻿46.01639°N 7.36917°E﻿ / 46.01639; 7.36917,Pennine Alps,Valais,1867
74,Tournelon Blanc,3700,159,45°58′11″N 07°19′20″E﻿ / ﻿45.96972°N 7.32222°E﻿ / 45.96972; 7.32222,Pennine Alps,Valais,
75,Balmhorn,3698,1022,46°25′30″N 07°41′37″E﻿ / ﻿46.42500°N 7.69361°E﻿ / 46.42500; 7.69361,Bernese Alps,Bern/Valais,1864
76,Wetterhorn,3692,202,46°38′20″N 08°06′56″E﻿ / ﻿46.63889°N 8.11556°E﻿ / 46.63889; 8.11556,Bernese Alps,Bern,1844
77,Rosenhorn,3689,193,46°37′55″N 08°08′14″E﻿ / ﻿46.63194°N 8.13722°E﻿ / 46.63194; 8.13722,Bernese Alps,Bern,
78,Grande Aiguille,3682,223,45°57′01″N 07°15′53″E﻿ / ﻿45.95028°N 7.26472°E﻿ / 45.95028; 7.26472,Pennine Alps,Valais,
79,Pointe Kurz,3676,174,45°56′18″N 07°02′08″E﻿ / ﻿45.93833°N 7.03556°E﻿ / 45.93833; 7.03556,Mont Blanc massif,Valais,
80,Dent de Perroc,3676,408,46°02′22″N 07°31′23″E﻿ / ﻿46.03944°N 7.52306°E﻿ / 46.03944; 7.52306,Pennine Alps,Valais,1871
81,Aiguille de la Tsa,3668,251,46°01′17″N 07°31′20″E﻿ / ﻿46.02139°N 7.52222°E﻿ / 46.02139; 7.52222,Pennine Alps,Valais,
82,Combin de Boveire,3663,173,45°57′53″N 07°16′15″E﻿ / ﻿45.96472°N 7.27083°E﻿ / 45.96472; 7.27083,Pennine Alps,Valais,
83,Blüemlisalp(horn),3661,874,46°29′20″N 07°46′21″E﻿ / ﻿46.48889°N 7.77250°E﻿ / 46.48889; 7.77250,Bernese Alps,Bern,1860
84,Bärglistock,3656,220,46°36′56″N 08°08′27″E﻿ / ﻿46.61556°N 8.14083°E﻿ / 46.61556; 8.14083,Bernese Alps,Bern,
85,Portjengrat (Pizzo d'Andolla),3654,411,46°06′03″N 08°02′05″E﻿ / ﻿46.10083°N 8.03472°E﻿ / 46.10083; 8.03472,Pennine Alps,Valais,1871
86,Aiguilles Rouges d'Arolla,3644,789,46°03′19″N 07°26′01″E﻿ / ﻿46.05528°N 7.43361°E﻿ / 46.05528; 7.43361,Pennine Alps,Valais,1870
87,Doldenhorn,3638,654,46°28′08″N 07°44′05″E﻿ / ﻿46.46889°N 7.73472°E﻿ / 46.46889; 7.73472,Bernese Alps,Bern,1862
88,Mont Collon,3637,208,45°58′35″N 07°30′17″E﻿ / ﻿45.97639°N 7.50472°E﻿ / 45.97639; 7.50472,Pennine Alps,Valais,1867
89,Studerhorn,3634,226,46°31′58″N 08°08′52″E﻿ / ﻿46.53278°N 8.14778°E﻿ / 46.53278; 8.14778,Bernese Alps,Bern/Valais,
90,Dammastock,3630,1466,46°38′36″N 08°25′16″E﻿ / ﻿46.64333°N 8.42111°E﻿ / 46.64333; 8.42111,Uri Alps,Uri/Valais,1864
91,Oberaarhorn,3629,244,46°31′53″N 08°10′28″E﻿ / ﻿46.53139°N 8.17444°E﻿ / 46.53139; 8.17444,Bernese Alps,Bern/Valais,
92,Tödi (Piz Russein),3614,1570,46°48′40″N 08°54′53″E﻿ / ﻿46.81111°N 8.91472°E﻿ / 46.81111; 8.91472,Glarus Alps,Glarus/Graubünden,1824
93,Grande Fourche,3610,275,45°58′35″N 07°01′16″E﻿ / ﻿45.97639°N 7.02111°E﻿ / 45.97639; 7.02111,Mont Blanc massif,Valais,
94,Barrhorn,3610,267,46°09′21″N 07°44′03″E﻿ / ﻿46.15583°N 7.73417°E﻿ / 46.15583; 7.73417,Pennine Alps,Valais,
95,Les Diablons,3609,379,46°08′33″N 07°40′16″E﻿ / ﻿46.14250°N 7.67111°E﻿ / 46.14250; 7.67111,Pennine Alps,Valais,1863
96,Piz Cambrena,3606,161,46°23′16″N 09°58′52″E﻿ / ﻿46.38778°N 9.98111°E﻿ / 46.38778; 9.98111,Bernina Range,Graubünden,
97,Piz Glüschaint,3594,341,46°21′45″N 09°50′24″E﻿ / ﻿46.36250°N 9.84000°E﻿ / 46.36250; 9.84000,Bernina Range,Graubünden,1863
98,Galenstock,3586,252,46°36′43″N 08°25′01″E﻿ / ﻿46.61194°N 8.41694°E﻿ / 46.61194; 8.41694,Uri Alps,Uri/Valais,1845
99,Mont Brulé,3578,365,45°57′18″N 07°32′18″E﻿ / ﻿45.95500°N 7.53833°E﻿ / 45.95500; 7.53833,Pennine Alps,Valais,1876
100,Tschingelhorn,3562,388,46°28′43″N 07°50′55″E﻿ / ﻿46.47861°N 7.84861°E﻿ / 46.47861; 7.84861,Bernese Alps,Bern/Valais,1865
101,Petit Mont Collon,3556,264,45°58′04″N 07°28′52″E﻿ / ﻿45.96778°N 7.48111°E﻿ / 45.96778; 7.48111,Pennine Alps,Valais,
102,Aouille Tseuque,3554,345,45°55′49″N 07°26′35″E﻿ / ﻿45.93028°N 7.44306°E﻿ / 45.93028; 7.44306,Pennine Alps,Valais,
103,Monte Leone,3553,1144,46°14′58″N 08°06′36″E﻿ / ﻿46.24944°N 8.11000°E﻿ / 46.24944; 8.11000,Lepontine Alps,Valais,1859
104,La Luette,3548,179,46°00′37″N 07°23′15″E﻿ / ﻿46.01028°N 7.38750°E﻿ / 46.01028; 7.38750,Pennine Alps,Valais,
105,Piz Tschierva,3546,210,46°24′51″N 09°53′10″E﻿ / ﻿46.41417°N 9.88611°E﻿ / 46.41417; 9.88611,Bernina Range,Graubünden,1850
106,Aiguille du Tour,3540,259,45°59′40″N 07°00′35″E﻿ / ﻿45.99444°N 7.00972°E﻿ / 45.99444; 7.00972,Mont Blanc massif,Valais,1875
107,Bec d'Epicoune,3531,298,45°54′53″N 07°25′21″E﻿ / ﻿45.91472°N 7.42250°E﻿ / 45.91472; 7.42250,Pennine Alps,Valais,1866
108,Finsteraarrothorn,3530,195,46°31′04″N 08°08′52″E﻿ / ﻿46.51778°N 8.14778°E﻿ / 46.51778; 8.14778,Bernese Alps,Valais,
109,Aiguilles Dorées,3519,258,45°58′57″N 07°02′00″E﻿ / ﻿45.98250°N 7.03333°E﻿ / 45.98250; 7.03333,Mont Blanc massif,Valais,
110,Mont Gelé,3518,619,45°54′15″N 07°21′58″E﻿ / ﻿45.90417°N 7.36611°E﻿ / 45.90417; 7.36611,Pennine Alps,Valais,1861
111,Galmihorn,3505,293,46°30′24″N 08°11′05″E﻿ / ﻿46.50667°N 8.18472°E﻿ / 46.50667; 8.18472,Bernese Alps,Valais,
112,Sustenhorn,3503,414,46°41′56″N 08°27′19″E﻿ / ﻿46.69889°N 8.45528°E﻿ / 46.69889; 8.45528,Uri Alps,Bern/Uri,1841
113,Pointe de Bertol,3499,190,46°00′35″N 07°31′42″E﻿ / ﻿46.00972°N 7.52833°E﻿ / 46.00972; 7.52833,Pennine Alps,Valais,
114,Furgggrat,3492,197,45°57′25″N 07°40′53″E﻿ / ﻿45.95694°N 7.68139°E﻿ / 45.95694; 7.68139,Pennine Alps,Valais,
115,Pointe de Vouasson,3490,154,46°04′20″N 07°25′31″E﻿ / ﻿46.07222°N 7.42528°E﻿ / 46.07222; 7.42528,Pennine Alps,Valais,
116,Sonnighorn/Pizzo Bottarello,3487,340,46°04′27″N 08°01′20″E﻿ / ﻿46.07417°N 8.02222°E﻿ / 46.07417; 8.02222,Pennine Alps,Valais,1879
117,Nasse Strahlegg,3485,170,46°33′12″N 08°07′58″E﻿ / ﻿46.55333°N 8.13278°E﻿ / 46.55333; 8.13278,Bernese Alps,Bern,
118,Oberaarrothorn,3477,184,46°31′13″N 08°10′51″E﻿ / ﻿46.52028°N 8.18083°E﻿ / 46.52028; 8.18083,Bernese Alps,Bern/Valais,
119,Piz Varuna,3453,222,46°21′08″N 09°59′35″E﻿ / ﻿46.35222°N 9.99306°E﻿ / 46.35222; 9.99306,Bernina Range,Graubünden,
120,Piz Corvatsch,3451,383,46°24′30″N 09°48′58″E﻿ / ﻿46.40833°N 9.81611°E﻿ / 46.40833; 9.81611,Bernina Range,Graubünden,1850
121,Rinderhorn,3448,412,46°24′49″N 07°39′15″E﻿ / ﻿46.41361°N 7.65417°E﻿ / 46.41361; 7.65417,Bernese Alps,Valais,1854
122,Hinter Tierberg,3477,187,46°41′03″N 08°23′51″E﻿ / ﻿46.68417°N 8.39750°E﻿ / 46.68417; 8.39750,Uri Alps,Bern/Uri,
123,Wasenhorn,3447,303,46°29′53″N 08°09′57″E﻿ / ﻿46.49806°N 8.16583°E﻿ / 46.49806; 8.16583,Bernese Alps,Valais,1885
124,Piz Tremoggia,3441,349,46°21′07″N 09°49′19″E﻿ / ﻿46.35194°N 9.82194°E﻿ / 46.35194; 9.82194,Bernina Range,Graubünden,1859
125,Gspaltenhorn,3436,599,46°30′42″N 07°49′39″E﻿ / ﻿46.51167°N 7.82750°E﻿ / 46.51167; 7.82750,Bernese Alps,Bern,1869
126,Stellihorn,3436,598,46°02′11″N 08°00′03″E﻿ / ﻿46.03639°N 8.00083°E﻿ / 46.03639; 8.00083,Pennine Alps,Valais,
127,Gwächtenhorn,3420,218,46°41′27″N 08°24′48″E﻿ / ﻿46.69083°N 8.41333°E﻿ / 46.69083; 8.41333,Uri Alps,Bern/Uri,
128,Bifertenstock/Piz Durschin,3419,383,46°48′16″N 08°57′27″E﻿ / ﻿46.80444°N 8.95750°E﻿ / 46.80444; 8.95750,Glarus Alps,Glarus/Graubünden,1863
129,Piz Kesch/Piz d'Es-Cha,3418,1503,46°37′17″N 09°52′22″E﻿ / ﻿46.62139°N 9.87278°E﻿ / 46.62139; 9.87278,Albula Alps,Graubünden,1846
130,Fleckistock/Rot Stock,3416,760,46°42′27″N 08°29′51″E﻿ / ﻿46.70750°N 8.49750°E﻿ / 46.70750; 8.49750,Uri Alps,Uri,1864
131,Oberrothorn,3414,259,46°01′39″N 07°48′46″E﻿ / ﻿46.02750°N 7.81278°E﻿ / 46.02750; 7.81278,Pennine Alps,Valais,
132,Piz Linard,3411,1028,46°47′56″N 10°04′18″E﻿ / ﻿46.79889°N 10.07167°E﻿ / 46.79889; 10.07167,Silvretta Alps,Graubünden,1835
133,(Inners) Stellihorn,3410,175,46°10′01″N 07°44′22″E﻿ / ﻿46.16694°N 7.73944°E﻿ / 46.16694; 7.73944,Pennine Alps,Valais,1890
134,Mettelhorn,3406,240,46°03′26″N 07°44′33″E﻿ / ﻿46.05722°N 7.74250°E﻿ / 46.05722; 7.74250,Pennine Alps,Valais,
135,Pointe d'Otemma,3403,224,45°56′37″N 07°23′53″E﻿ / ﻿45.94361°N 7.39806°E﻿ / 45.94361; 7.39806,Pennine Alps,Valais,
136,Rheinwaldhorn,3402,1337,46°29′37″N 09°02′25″E﻿ / ﻿46.49361°N 9.04028°E﻿ / 46.49361; 9.04028,Lepontine Alps,Graubünden/Ticino,1789
137,Fluchthorn,3399,647,46°53′27″N 10°13′39″E﻿ / ﻿46.89083°N 10.22750°E﻿ / 46.89083; 10.22750,Silvretta Alps,Graubünden,1861
138,Piz Calderas,3397,1085,46°32′11″N 09°41′45″E﻿ / ﻿46.53639°N 9.69583°E﻿ / 46.53639; 9.69583,Albula Alps,Graubünden,1857
139,Piz Platta,3392,1108,46°29′14″N 09°33′42″E﻿ / ﻿46.48722°N 9.56167°E﻿ / 46.48722; 9.56167,Oberhalbstein Alps,Graubünden,1866
140,Diechterhorn,3389,308,46°38′55″N 08°21′38″E﻿ / ﻿46.64861°N 8.36056°E﻿ / 46.64861; 8.36056,Uri Alps,Bern,1864
141,Tieralplistock,3388,173,46°37′59″N 08°22′31″E﻿ / ﻿46.63306°N 8.37528°E﻿ / 46.63306; 8.37528,Uri Alps,Bern,
142,Il Chapütschin,3386,165,46°22′29″N 09°49′09″E﻿ / ﻿46.37472°N 9.81917°E﻿ / 46.37472; 9.81917,Bernina Range,Graubünden,
143,Piz Julier/Piz Güglia,3380,489,46°29′28″N 09°45′35″E﻿ / ﻿46.49111°N 9.75972°E﻿ / 46.49111; 9.75972,Albula Alps,Graubünden,1859
144,Güferhorn,3379,400,46°30′45″N 09°03′47″E﻿ / ﻿46.51250°N 9.06306°E﻿ / 46.51250; 9.06306,Lepontine Alps,Graubünden,1806
145,Cima di Castello,3379,388,46°18′11″N 09°40′37″E﻿ / ﻿46.30306°N 9.67694°E﻿ / 46.30306; 9.67694,Bregaglia Range,Graubünden,1866
146,Piz d'Err,3378,153,46°32′43″N 09°41′30″E﻿ / ﻿46.54528°N 9.69167°E﻿ / 46.54528; 9.69167,Albula Alps,Graubünden,
147,Blinnenhorn/Corno Cieco,3374,945,46°25′33″N 08°18′28″E﻿ / ﻿46.42583°N 8.30778°E﻿ / 46.42583; 8.30778,Lepontine Alps,Valais,1866
148,Pizzo Cengalo,3369,620,46°17′42″N 09°36′07″E﻿ / ﻿46.29500°N 9.60194°E﻿ / 46.29500; 9.60194,Bregaglia Range,Graubünden,1866
149,Fründenhorn,3369,198,46°28′37″N 07°45′27″E﻿ / ﻿46.47694°N 7.75750°E﻿ / 46.47694; 7.75750,Bernese Alps,Bern,
150,Egginer,3367,378,46°04′31″N 07°55′48″E﻿ / ﻿46.07528°N 7.93000°E﻿ / 46.07528; 7.93000,Pennine Alps,Valais,
151,Cima di Rosso,3366,266,46°18′23″N 09°43′06″E﻿ / ﻿46.30639°N 9.71833°E﻿ / 46.30639; 9.71833,Bernina Range,Graubünden,
152,Piz Fora,3363,432,46°20′27″N 09°47′05″E﻿ / ﻿46.34083°N 9.78472°E﻿ / 46.34083; 9.78472,Bernina Range,Graubünden,1875
153,Mont Avril,3347,158,45°54′55″N 07°20′40″E﻿ / ﻿45.91528°N 7.34444°E﻿ / 45.91528; 7.34444,Pennine Alps,Valais,
154,Le Portalet,3344,177,45°59′25″N 07°03′23″E﻿ / ﻿45.99028°N 7.05639°E﻿ / 45.99028; 7.05639,Mont Blanc massif,Valais,
155,Piz Ela,3339,515,46°36′07″N 09°42′27″E﻿ / ﻿46.60194°N 9.70750°E﻿ / 46.60194; 9.70750,Albula Alps,Graubünden,1865
156,Rosablanche,3336,227,46°03′36″N 07°21′15″E﻿ / ﻿46.06000°N 7.35417°E﻿ / 46.06000; 7.35417,Pennine Alps,Valais,
157,Piz Picuogl,3333,239,46°31′27″N 09°42′29″E﻿ / ﻿46.52417°N 9.70806°E﻿ / 46.52417; 9.70806,Albula Alps,Graubünden,
158,Mont Fort,3329,408,46°04′52″N 07°19′07″E﻿ / ﻿46.08111°N 7.31861°E﻿ / 46.08111; 7.31861,Pennine Alps,Valais,1866
159,Oberalpstock/Piz Tgietschen,3328,703,46°44′34″N 08°46′10″E﻿ / ﻿46.74278°N 8.76944°E﻿ / 46.74278; 8.76944,Glarus Alps,Graubünden/Uri,1793
160,Piz Buin,3312,544,46°50′39″N 10°07′07″E﻿ / ﻿46.84417°N 10.11861°E﻿ / 46.84417; 10.11861,Silvretta Alps,Graubünden,1865
161,Garde de Bordon,3310,249,46°07′15″N 07°35′50″E﻿ / ﻿46.12083°N 7.59722°E﻿ / 46.12083; 7.59722,Pennine Alps,Valais,
162,Piz Badile,3308,262,46°17′41″N 09°35′10″E﻿ / ﻿46.29472°N 9.58611°E﻿ / 46.29472; 9.58611,Bregaglia Range,Graubünden,1867
163,Wilerhorn,3307,238,46°22′43″N 07°48′38″E﻿ / ﻿46.37861°N 7.81056°E﻿ / 46.37861; 7.81056,Bernese Alps,Valais,
164,Hienderstock,3307,207,46°35′08″N 08°12′58″E﻿ / ﻿46.58556°N 8.21611°E﻿ / 46.58556; 8.21611,Bernese Alps,Bern,
165,Tschingelspitz,3304,168,46°30′40″N 07°50′23″E﻿ / ﻿46.51111°N 7.83972°E﻿ / 46.51111; 7.83972,Bernese Alps,Bern,
166,Piz Paradisin,3302,875,46°25′34″N 10°07′02″E﻿ / ﻿46.42611°N 10.11722°E﻿ / 46.42611; 10.11722,Livigno Alps,Graubünden,
167,Verstanclahorn,3298,375,46°50′06″N 10°04′21″E﻿ / ﻿46.83500°N 10.07250°E﻿ / 46.83500; 10.07250,Silvretta Alps,Graubünden,1866
168,Gross Schärhorn,3294,513,46°49′38″N 08°49′45″E﻿ / ﻿46.82722°N 8.82917°E﻿ / 46.82722; 8.82917,Glarus Alps,Uri,1842
169,Muttler,3293,703,46°54′02″N 10°22′43″E﻿ / ﻿46.90056°N 10.37861°E﻿ / 46.90056; 10.37861,Samnaun Alps,Graubünden,1859
170,Hockenhorn,3293,348,46°25′42″N 07°44′39″E﻿ / ﻿46.42833°N 7.74417°E﻿ / 46.42833; 7.74417,Bernese Alps,Bern/Valais,1840
171,Färichhorn,3292,248,46°09′20″N 07°51′32″E﻿ / ﻿46.15556°N 7.85889°E﻿ / 46.15556; 7.85889,Pennine Alps,Valais,
172,Hangendgletscherhorn,3292,237,46°37′46″N 08°10′57″E﻿ / ﻿46.62944°N 8.18250°E﻿ / 46.62944; 8.18250,Bernese Alps,Bern,
173,Cima della Bondasca,3289,187,46°17′16″N 09°37′18″E﻿ / ﻿46.28778°N 9.62167°E﻿ / 46.28778; 9.62167,Bregaglia Range,Graubünden,
174,Ritzlihorn,3282,330,46°37′56″N 08°15′32″E﻿ / ﻿46.63222°N 8.25889°E﻿ / 46.63222; 8.25889,Bernese Alps,Bern,1816
175,Piz Fliana,3281,406,46°49′38″N 10°06′31″E﻿ / ﻿46.82722°N 10.10861°E﻿ / 46.82722; 10.10861,Silvretta Alps,Graubünden,1869
176,Pizzo Tambo/Tambohorn,3279,1164,46°29′49″N 09°17′00″E﻿ / ﻿46.49694°N 9.28333°E﻿ / 46.49694; 9.28333,Lepontine Alps,Graubünden,1828
177,Hogleifa,3278,151,46°22′15″N 07°47′35″E﻿ / ﻿46.37083°N 7.79306°E﻿ / 46.37083; 7.79306,Bernese Alps,Valais,
178,Basòdino,3272,959,46°24′41″N 08°28′07″E﻿ / ﻿46.41139°N 8.46861°E﻿ / 46.41139; 8.46861,Lepontine Alps,Ticino,1863
179,Helsenhorn,3272,586,46°18′17″N 08°11′30″E﻿ / ﻿46.30472°N 8.19167°E﻿ / 46.30472; 8.19167,Lepontine Alps,Valais,1863
180,Pointe d'Orny,3271,183,46°00′08″N 07°02′34″E﻿ / ﻿46.00222°N 7.04278°E﻿ / 46.00222; 7.04278,Mont Blanc massif,Valais,
181,Clariden,3267,413,46°50′31″N 08°52′17″E﻿ / ﻿46.84194°N 8.87139°E﻿ / 46.84194; 8.87139,Glarus Alps,Glarus/Uri,1863
182,Piz Üertsch,3267,396,46°35′47″N 09°50′11″E﻿ / ﻿46.59639°N 9.83639°E﻿ / 46.59639; 9.83639,Albula Alps,Graubünden,1847
183,Scima da Saoseo,3264,440,46°23′08″N 10°09′29″E﻿ / ﻿46.38556°N 10.15806°E﻿ / 46.38556; 10.15806,Livigno Alps,Graubünden,1894
184,Piz Languard,3262,947,46°29′18″N 09°57′23″E﻿ / ﻿46.48833°N 9.95639°E﻿ / 46.48833; 9.95639,Livigno Alps,Graubünden,1846
185,Piz Forbesch,3262,601,46°31′13″N 09°33′33″E﻿ / ﻿46.52028°N 9.55917°E﻿ / 46.52028; 9.55917,Oberhalbstein Alps,Graubünden,1893
186,Dents du Midi (Haute Cime),3257,1796,46°09′40″N 06°55′24″E﻿ / ﻿46.16111°N 6.92333°E﻿ / 46.16111; 6.92333,Chablais Alps,Valais,1784
187,Gross Düssi/Piz Git,3256,429,46°47′30″N 08°49′39″E﻿ / ﻿46.79167°N 8.82750°E﻿ / 46.79167; 8.82750,Glarus Alps,Graubünden/Uri,1841
188,Piz Buin Pitschen,3256,205,46°50′32″N 10°06′44″E﻿ / ﻿46.84222°N 10.11222°E﻿ / 46.84222; 10.11222,Silvretta Alps,Graubünden,1868
189,Piz Tschütta/Stammerspitz,3254,406,46°54′13″N 10°20′35″E﻿ / ﻿46.90361°N 10.34306°E﻿ / 46.90361; 10.34306,Samnaun Alps,Graubünden,1884
190,Sasseneire,3254,386,46°08′19″N 07°31′31″E﻿ / ﻿46.13861°N 7.52528°E﻿ / 46.13861; 7.52528,Pennine Alps,Valais,1835
191,Cavistrau/Brigelser Hörner,3252,448,46°47′04″N 08°58′26″E﻿ / ﻿46.78444°N 8.97389°E﻿ / 46.78444; 8.97389,Glarus Alps,Graubünden,1865
192,Wildhorn,3248,978,46°21′21″N 07°21′44″E﻿ / ﻿46.35583°N 7.36222°E﻿ / 46.35583; 7.36222,Bernese Alps,Bern/Valais,1843
193,Ringelspitz/Piz Barghis,3247,843,46°53′54″N 09°20′35″E﻿ / ﻿46.89833°N 9.34306°E﻿ / 46.89833; 9.34306,Glarus Alps,Graubünden/St. Gallen,1865
194,Bächlistock,3247,232,46°35′11″N 08°14′23″E﻿ / ﻿46.58639°N 8.23972°E﻿ / 46.58639; 8.23972,Bernese Alps,Bern,
195,Piz Ot,3246,631,46°32′36″N 09°48′37″E﻿ / ﻿46.54333°N 9.81028°E﻿ / 46.54333; 9.81028,Albula Alps,Graubünden,1830
196,Wasenhorn / Punta Terrarossa,3246,476,46°15′59″N 08°05′08″E﻿ / ﻿46.26639°N 8.08556°E﻿ / 46.26639; 8.08556,Lepontine Alps,Valais,1844
197,Platthorn,3246,361,46°09′59″N 07°51′40″E﻿ / ﻿46.16639°N 7.86111°E﻿ / 46.16639; 7.86111,Pennine Alps,Valais,
198,Turbhorn,3246,228,46°24′29″N 08°16′50″E﻿ / ﻿46.40806°N 8.28056°E﻿ / 46.40806; 8.28056,Lepontine Alps,Valais,
199,Mattwaldhorn,3246,223,46°11′56″N 07°57′16″E﻿ / ﻿46.19889°N 7.95444°E﻿ / 46.19889; 7.95444,Pennine Alps,Valais,
200,Piz Bacun,3244,306,46°20′32″N 09°40′56″E﻿ / ﻿46.34222°N 9.68222°E﻿ / 46.34222; 9.68222,Bregaglia Range,Graubünden,1883
201,Silvrettahorn,3244,205,46°51′25″N 10°05′35″E﻿ / ﻿46.85694°N 10.09306°E﻿ / 46.85694; 10.09306,Silvretta Alps,Graubünden,1865
202,Wildstrubel,3244,815,46°24′01″N 07°31′43″E﻿ / ﻿46.40028°N 7.52861°E﻿ / 46.40028; 7.52861,Bernese Alps,Bern/Valais,1855
203,Grossstrubel,3243,151,46°24′46″N 07°33′45″E﻿ / ﻿46.41278°N 7.56250°E﻿ / 46.41278; 7.56250,Bernese Alps,Bern/Valais,
204,Titlis,3238,978,46°46′19″N 08°26′16″E﻿ / ﻿46.77194°N 8.43778°E﻿ / 46.77194; 8.43778,Uri Alps,Bern/Obwalden,1739
205,Grand Golliat,3238,313,45°51′33″N 07°06′06″E﻿ / ﻿45.85917°N 7.10167°E﻿ / 45.85917; 7.10167,Pennine Alps,Valais,1879
206,Ofenhorn / Punta d'Arbola,3235,334,46°23′12″N 08°19′07″E﻿ / ﻿46.38667°N 8.31861°E﻿ / 46.38667; 8.31861,Lepontine Alps,Valais,1864
207,Corn da Camp,3232,201,46°25′04″N 10°06′28″E﻿ / ﻿46.41778°N 10.10778°E﻿ / 46.41778; 10.10778,Livigno Alps,Graubünden,
208,Augstenberg/Piz Blaisch Lunga,3230,432,46°51′52″N 10°12′14″E﻿ / ﻿46.86444°N 10.20389°E﻿ / 46.86444; 10.20389,Silvretta Alps,Graubünden,1881
209,Piz Bever,3230,283,46°31′20″N 09°45′34″E﻿ / ﻿46.52222°N 9.75944°E﻿ / 46.52222; 9.75944,Albula Alps,Graubünden,
210,Piz Vadret,3229,660,46°41′13″N 09°57′46″E﻿ / ﻿46.68694°N 9.96278°E﻿ / 46.68694; 9.96278,Albula Alps,Graubünden,1867
211,Bec des Rosses,3223,283,46°04′19″N 07°17′56″E﻿ / ﻿46.07194°N 7.29889°E﻿ / 46.07194; 7.29889,Pennine Alps,Valais,
212,Tour Sallière,3220,726,46°07′37″N 06°55′29″E﻿ / ﻿46.12694°N 6.92472°E﻿ / 46.12694; 6.92472,Chablais Alps,Valais,1858
213,Vorderes Plattenhorn (Ostgipfel),3220,300,46°48′36″N 10°01′59″E﻿ / ﻿46.81000°N 10.03306°E﻿ / 46.81000; 10.03306,Silvretta Alps,Graubünden,1868
214,Rorspitzli,3220,255,46°41′26″N 08°31′22″E﻿ / ﻿46.69056°N 8.52278°E﻿ / 46.69056; 8.52278,Uri Alps,Uri,
215,Vogelberg,3218,303,46°28′42″N 09°03′55″E﻿ / ﻿46.47833°N 9.06528°E﻿ / 46.47833; 9.06528,Lepontine Alps,Graubünden/Ticino,1864
216,Chammliberg,3215,194,46°50′12″N 08°50′42″E﻿ / ﻿46.83667°N 8.84500°E﻿ / 46.83667; 8.84500,Glarus Alps,Uri,
217,Monte del Forno,3214,446,46°20′18″N 09°43′29″E﻿ / ﻿46.33833°N 9.72472°E﻿ / 46.33833; 9.72472,Bregaglia Range,Graubünden,1876
218,Le Métailler,3213,302,46°06′14″N 07°21′37″E﻿ / ﻿46.10389°N 7.36028°E﻿ / 46.10389; 7.36028,Pennine Alps,Valais,
219,Pointe de Boveire,3212,178,45°59′40″N 07°14′24″E﻿ / ﻿45.99444°N 7.24000°E﻿ / 45.99444; 7.24000,Pennine Alps,Valais,
220,Piz Medel,3211,952,46°37′06″N 08°54′40″E﻿ / ﻿46.61833°N 8.91111°E﻿ / 46.61833; 8.91111,Lepontine Alps,Graubünden/Ticino,1865
221,Scherbadung/Pizzo Cervandone,3211,716,46°19′27″N 08°13′23″E﻿ / ﻿46.32417°N 8.22306°E﻿ / 46.32417; 8.22306,Lepontine Alps,Valais,1886
222,Diablerets,3210,968,46°18′14″N 07°11′20″E﻿ / ﻿46.30389°N 7.18889°E﻿ / 46.30389; 7.18889,Vaud Alps,Valais/Vaud,1850
223,Piz Timun /Pizzo d'Emet,3209,823,46°28′01″N 09°24′34″E﻿ / ﻿46.46694°N 9.40944°E﻿ / 46.46694; 9.40944,Oberhalbstein Alps,Graubünden,1884
224,Piz Cambrialas,3208,364,46°47′22″N 08°51′07″E﻿ / ﻿46.78944°N 8.85194°E﻿ / 46.78944; 8.85194,Glarus Alps,Graubünden,1905
225,Munt Pers,3207,242,46°25′17″N 09°57′13″E﻿ / ﻿46.42139°N 9.95361°E﻿ / 46.42139; 9.95361,Bernina Range,Graubünden,
226,Signalhorn,3207,162,46°50′56″N 10°05′49″E﻿ / ﻿46.84889°N 10.09694°E﻿ / 46.84889; 10.09694,Silvretta Alps,Graubünden,
227,Piz Sesvenna,3204,1055,46°42′21″N 10°24′10″E﻿ / ﻿46.70583°N 10.40278°E﻿ / 46.70583; 10.40278,Sesvenna Alps,Graubünden,
228,Piz Arblatsch,3203,235,46°32′08″N 09°34′37″E﻿ / ﻿46.53556°N 9.57694°E﻿ / 46.53556; 9.57694,Oberhalbstein Alps,Graubünden,
229,Puntone dei Fraciòn,3202,157,46°28′16″N 09°05′07″E﻿ / ﻿46.47111°N 9.08528°E﻿ / 46.47111; 9.08528,Lepontine Alps,Graubünden/Ticino,
230,Schwarzhorn,3201,308,46°13′00″N 07°45′24″E﻿ / ﻿46.21667°N 7.75667°E﻿ / 46.21667; 7.75667,Pennine Alps,Valais,
231,Piz Blaisun,3200,235,46°36′11″N 09°51′46″E﻿ / ﻿46.60306°N 9.86278°E﻿ / 46.60306; 9.86278,Albula Alps,Graubünden,
232,Strahlhorn,3200,211,46°23′10″N 07°50′30″E﻿ / ﻿46.38611°N 7.84167°E﻿ / 46.38611; 7.84167,Bernese Alps,Valais,
233,Hinteres Plattenhorn,3200,155,46°48′34″N 10°02′39″E﻿ / ﻿46.80944°N 10.04417°E﻿ / 46.80944; 10.04417,Silvretta Alps,Graubünden,
234,Piz Vadret,3199,308,46°30′32″N 09°57′03″E﻿ / ﻿46.50889°N 9.95083°E﻿ / 46.50889; 9.95083,Livigno Alps,Graubünden,
235,Gross Spannort,3198,616,46°47′12″N 08°31′28″E﻿ / ﻿46.78667°N 8.52444°E﻿ / 46.78667; 8.52444,Uri Alps,Uri,1867
236,Dreiländerspitze,3197,306,46°51′03″N 10°08′41″E﻿ / ﻿46.85083°N 10.14472°E﻿ / 46.85083; 10.14472,Silvretta Alps,Graubünden,1853
237,Piz Surgonda,3196,210,46°30′36″N 09°43′30″E﻿ / ﻿46.51000°N 9.72500°E﻿ / 46.51000; 9.72500,Albula Alps,Graubünden,
238,Bortelhorn/ Punta del Rebbio,3194,430,46°17′41″N 08°07′31″E﻿ / ﻿46.29472°N 8.12528°E﻿ / 46.29472; 8.12528,Lepontine Alps,Valais,1869
239,Bütlasse,3193,173,46°31′07″N 07°49′12″E﻿ / ﻿46.51861°N 7.82000°E﻿ / 46.51861; 7.82000,Bernese Alps,Bern,
240,Pizzo Rotondo,3192,752,46°31′03″N 08°27′58″E﻿ / ﻿46.51750°N 8.46611°E﻿ / 46.51750; 8.46611,Lepontine Alps,Ticino/Valais,1869
241,Hübschhorn I,3192,325,46°14′13″N 08°03′19″E﻿ / ﻿46.23694°N 8.05528°E﻿ / 46.23694; 8.05528,Lepontine Alps,Valais,
242,Wellhorn,3191,224,46°39′21″N 08°08′31″E﻿ / ﻿46.65583°N 8.14194°E﻿ / 46.65583; 8.14194,Bernese Alps,Bern,
243,Scopi,3190,792,46°34′18″N 08°49′48″E﻿ / ﻿46.57167°N 8.83000°E﻿ / 46.57167; 8.83000,Lepontine Alps,Graubünden/Ticino,1782
244,Piz Fedoz,3190,207,46°21′35″N 09°44′26″E﻿ / ﻿46.35972°N 9.74056°E﻿ / 46.35972; 9.74056,Bernina Range,Graubünden,
245,Spechhorn / Pizzo d'Antigine,3189,355,46°00′44″N 08°00′04″E﻿ / ﻿46.01222°N 8.00111°E﻿ / 46.01222; 8.00111,Pennine Alps,Valais,
246,Gärstenhörner,3189,200,46°35′54″N 08°21′42″E﻿ / ﻿46.59833°N 8.36167°E﻿ / 46.59833; 8.36167,Uri Alps,Bern/Valais,
247,Piz Surlej,3188,433,46°27′12″N 09°50′35″E﻿ / ﻿46.45333°N 9.84306°E﻿ / 46.45333; 9.84306,Bernina Range,Graubünden,1846
248,Gross Windgällen,3187,552,46°48′26″N 08°43′56″E﻿ / ﻿46.80722°N 8.73222°E﻿ / 46.80722; 8.73222,Glarus Alps,Uri,1848
249,Krone,3187,243,46°52′33″N 10°13′55″E﻿ / ﻿46.87583°N 10.23194°E﻿ / 46.87583; 10.23194,Silvretta Alps,Graubünden,
250,Dent Jaune,3186,184,46°09′58″N 06°55′46″E﻿ / ﻿46.16611°N 6.92944°E﻿ / 46.16611; 6.92944,Chablais Alps,Valais,
251,Hillehorn,3181,257,46°18′11″N 08°08′25″E﻿ / ﻿46.30306°N 8.14028°E﻿ / 46.30306; 8.14028,Lepontine Alps,Valais,
252,Piz Murtaröl,3180,679,46°34′13″N 10°17′15″E﻿ / ﻿46.57028°N 10.28750°E﻿ / 46.57028; 10.28750,Ortler Alps,Graubünden,1893
253,Ferdenrothorn,3180,268,46°24′32″N 07°42′28″E﻿ / ﻿46.40889°N 7.70778°E﻿ / 46.40889; 7.70778,Bernese Alps,Valais,
254,Piz Tasna,3179,371,46°51′33″N 10°15′08″E﻿ / ﻿46.85917°N 10.25222°E﻿ / 46.85917; 10.25222,Silvretta Alps,Graubünden,1849
255,Cime de l'Est,3178,169,46°10′21″N 06°56′50″E﻿ / ﻿46.17250°N 6.94722°E﻿ / 46.17250; 6.94722,Chablais Alps,Valais,
256,Piz Sarsura,3178,164,46°41′30″N 09°59′41″E﻿ / ﻿46.69167°N 9.99472°E﻿ / 46.69167; 9.99472,Albula Alps,Graubünden,
257,Hoch Horefellistock,3175,154,46°40′10″N 08°28′30″E﻿ / ﻿46.66944°N 8.47500°E﻿ / 46.66944; 8.47500,Uri Alps,Canton of Uri,
258,Pizzo di Zocca,3174,170,46°17′23″N 09°38′59″E﻿ / ﻿46.28972°N 9.64972°E﻿ / 46.28972; 9.64972,Bregaglia Range,Graubünden,
259,Piz Pisoc,3173,922,46°44′40″N 10°16′46″E﻿ / ﻿46.74444°N 10.27944°E﻿ / 46.74444; 10.27944,Sesvenna Alps,Graubünden,1865
260,Corn da Tinizong /Tinzenhorn,3173,474,46°36′42″N 09°40′16″E﻿ / ﻿46.61167°N 9.67111°E﻿ / 46.61167; 9.67111,Albula Alps,Graubünden,1866
261,Gletscherkamm,3173,182,46°50′34″N 10°05′06″E﻿ / ﻿46.84278°N 10.08500°E﻿ / 46.84278; 10.08500,Silvretta Alps,Graubünden,
262,Piz Tavrü,3168,851,46°40′45″N 10°17′46″E﻿ / ﻿46.67917°N 10.29611°E﻿ / 46.67917; 10.29611,Sesvenna Alps,Graubünden,1893
263,Piz Vial,3168,465,46°37′55″N 08°58′09″E﻿ / ﻿46.63194°N 8.96917°E﻿ / 46.63194; 8.96917,Lepontine Alps,Graubünden,1873
264,Wyssegga,3168,178,46°11′56″N 07°44′54″E﻿ / ﻿46.19889°N 7.74833°E﻿ / 46.19889; 7.74833,Pennine Alps,Valais,
265,Piz Plavna Dadaint,3167,490,46°42′31″N 10°13′25″E﻿ / ﻿46.70861°N 10.22361°E﻿ / 46.70861; 10.22361,Sesvenna Alps,Graubünden,1891
266,Piz Albris,3166,318,46°27′51″N 09°57′48″E﻿ / ﻿46.46417°N 9.96333°E﻿ / 46.46417; 9.96333,Livigno Alps,Graubünden,
267,Piz Lagrev,3165,855,46°26′45″N 09°43′22″E﻿ / ﻿46.44583°N 9.72278°E﻿ / 46.44583; 9.72278,Albula Alps,Graubünden,1875
268,Piz Quattervals,3165,471,46°37′38″N 10°05′42″E﻿ / ﻿46.62722°N 10.09500°E﻿ / 46.62722; 10.09500,Livigno Alps,Graubünden,1848
269,Mazzaspitz,3164,247,46°27′54″N 09°34′26″E﻿ / ﻿46.46500°N 9.57389°E﻿ / 46.46500; 9.57389,Oberhalbstein Alps,Graubünden,
270,Steitalhorn,3164,172,46°12′14″N 07°45′37″E﻿ / ﻿46.20389°N 7.76028°E﻿ / 46.20389; 7.76028,Pennine Alps,Valais,
271,Piz Val Müra,3162,154,46°37′40″N 09°54′05″E﻿ / ﻿46.62778°N 9.90139°E﻿ / 46.62778; 9.90139,Albula Alps,Graubünden,
272,Cima Rossa,3161,236,46°26′38″N 09°05′13″E﻿ / ﻿46.44389°N 9.08694°E﻿ / 46.44389; 9.08694,Lepontine Alps,Graubünden/Ticino,
273,Piz Saluver,3161,226,46°31′50″N 09°47′44″E﻿ / ﻿46.53056°N 9.79556°E﻿ / 46.53056; 9.79556,Albula Alps,Graubünden,
274,Piz Mitgel,3159,445,46°36′51″N 09°38′48″E﻿ / ﻿46.61417°N 9.64667°E﻿ / 46.61417; 9.64667,Albula Alps,Graubünden,1867
275,Piz da la Margna,3159,273,46°22′55″N 09°43′48″E﻿ / ﻿46.38194°N 9.73000°E﻿ / 46.38194; 9.73000,Bernina Range,Graubünden,
276,Couronne de Bréona,3159,172,46°05′30″N 07°34′14″E﻿ / ﻿46.09167°N 7.57056°E﻿ / 46.09167; 7.57056,Pennine Alps,Valais,
277,Hausstock,3158,655,46°52′28″N 09°03′56″E﻿ / ﻿46.87444°N 9.06556°E﻿ / 46.87444; 9.06556,Glarus Alps,Glarus/Graubünden,1832
278,Piz di Pian,3158,237,46°27′18″N 09°16′20″E﻿ / ﻿46.45500°N 9.27222°E﻿ / 46.45500; 9.27222,Lepontine Alps,Graubünden,
279,Piz Muragl,3157,162,46°29′53″N 09°56′14″E﻿ / ﻿46.49806°N 9.93722°E﻿ / 46.49806; 9.93722,Livigno Alps,Graubünden,
280,Piz Chalchagn,3154,192,46°27′05″N 09°54′21″E﻿ / ﻿46.45139°N 9.90583°E﻿ / 46.45139; 9.90583,Bernina Range,Graubünden,
281,Piz Prüna,3153,317,46°29′14″N 09°59′14″E﻿ / ﻿46.48722°N 9.98722°E﻿ / 46.48722; 9.98722,Livigno Alps,Graubünden,
282,Zapporthorn,3152,152,46°28′47″N 09°06′45″E﻿ / ﻿46.47972°N 9.11250°E﻿ / 46.47972; 9.11250,Lepontine Alps,Graubünden,
283,Piz Terri,3149,390,46°36′00″N 09°02′03″E﻿ / ﻿46.60000°N 9.03417°E﻿ / 46.60000; 9.03417,Lepontine Alps,Graubünden/Ticino,1802
284,Becs de Bosson,3149,362,46°10′04″N 07°31′05″E﻿ / ﻿46.16778°N 7.51806°E﻿ / 46.16778; 7.51806,Pennine Alps,Valais,
285,Flüela Schwarzhorn,3146,609,46°44′09″N 09°56′30″E﻿ / ﻿46.73583°N 9.94167°E﻿ / 46.73583; 9.94167,Albula Alps,Graubünden,1835
286,Piz Mundin,3146,342,46°55′31″N 10°25′51″E﻿ / ﻿46.92528°N 10.43083°E﻿ / 46.92528; 10.43083,Samnaun Alps,Graubünden,1849
287,Steghorn,3146,266,46°25′00″N 07°35′03″E﻿ / ﻿46.41667°N 7.58417°E﻿ / 46.41667; 7.58417,Bernese Alps,Bern/Valais,
288,Piz Tea Fondada/Monte Cornaccia,3144,319,46°32′58″N 10°18′29″E﻿ / ﻿46.54944°N 10.30806°E﻿ / 46.54944; 10.30806,Ortler Alps,Graubünden,1883
289,Alpjuhorn,3144,263,46°22′02″N 07°54′31″E﻿ / ﻿46.36722°N 7.90861°E﻿ / 46.36722; 7.90861,Bernese Alps,Valais,
290,Piz Suvretta,3144,168,46°30′53″N 09°45′31″E﻿ / ﻿46.51472°N 9.75861°E﻿ / 46.51472; 9.75861,Albula Alps,Graubünden,
291,Chli Spannort,3140,230,46°46′49″N 08°31′00″E﻿ / ﻿46.78028°N 8.51667°E﻿ / 46.78028; 8.51667,Uri Alps,Uri,
292,Gross Ruchen,3138,397,46°48′37″N 08°46′29″E﻿ / ﻿46.81028°N 8.77472°E﻿ / 46.81028; 8.77472,Glarus Alps,Uri,1864
293,Piz Sarsura Pitschen,3134,211,46°42′15″N 09°59′52″E﻿ / ﻿46.70417°N 9.99778°E﻿ / 46.70417; 9.99778,Albula Alps,Graubünden,
294,Crasta Burdun,3134,159,46°31′25″N 09°56′44″E﻿ / ﻿46.52361°N 9.94556°E﻿ / 46.52361; 9.94556,Livigno Alps,Graubünden,
295,Hinter Schloss,3133,506,46°48′09″N 08°31′37″E﻿ / ﻿46.80250°N 8.52694°E﻿ / 46.80250; 8.52694,Uri Alps,Uri,1863
296,Piz Duan,3131,482,46°22′31″N 09°35′00″E﻿ / ﻿46.37528°N 9.58333°E﻿ / 46.37528; 9.58333,Oberhalbstein Alps,Graubünden,1859
297,Piz Grialetsch,3131,164,46°41′38″N 09°57′17″E﻿ / ﻿46.69389°N 9.95472°E﻿ / 46.69389; 9.95472,Albula Alps,Graubünden,
298,Pizzo di Cassimoi,3129,242,46°31′44″N 09°01′05″E﻿ / ﻿46.52889°N 9.01806°E﻿ / 46.52889; 9.01806,Lepontine Alps,Graubünden/Ticino,
299,Piz Bleis Marscha,3128,258,46°34′14″N 09°43′12″E﻿ / ﻿46.57056°N 9.72000°E﻿ / 46.57056; 9.72000,Livigno Alps,Graubünden,
300,Piz d'Esan,3127,235,46°37′27″N 10°03′38″E﻿ / ﻿46.62417°N 10.06056°E﻿ / 46.62417; 10.06056,Livigno Alps,Graubünden,
301,Piz Schumbraida,3125,315,46°32′34″N 10°20′18″E﻿ / ﻿46.54278°N 10.33833°E﻿ / 46.54278; 10.33833,Ortler Alps,Graubünden,1883
302,Fanellhorn,3124,301,46°32′52″N 09°07′50″E﻿ / ﻿46.54778°N 9.13056°E﻿ / 46.54778; 9.13056,Lepontine Alps,Graubünden,1859
303,Piz Nuna,3123,535,46°43′24″N 10°09′16″E﻿ / ﻿46.72333°N 10.15444°E﻿ / 46.72333; 10.15444,Sesvenna Alps,Graubünden,1886
304,Oldenhorn,3123,295,46°19′45″N 07°13′18″E﻿ / ﻿46.32917°N 7.22167°E﻿ / 46.32917; 7.22167,Vaud Alps,Bern/Valais/Vaud,
305,Gross Seehorn,3122,434,46°53′16″N 10°01′57″E﻿ / ﻿46.88778°N 10.03250°E﻿ / 46.88778; 10.03250,Silvretta Alps,Graubünden,1869
306,Piz da la Crappa,3122,250,46°43′58″N 10°15′52″E﻿ / ﻿46.73278°N 10.26444°E﻿ / 46.73278; 10.26444,Sesvenna Alps,Graubünden,
307,Piz Scharboda,3122,238,46°34′50″N 09°02′59″E﻿ / ﻿46.58056°N 9.04972°E﻿ / 46.58056; 9.04972,Lepontine Alps,Graubünden,
308,Schilthorn,3122,157,46°21′38″N 07°54′43″E﻿ / ﻿46.36056°N 7.91194°E﻿ / 46.36056; 7.91194,Bernese Alps,Valais,
309,Piz Aul,3121,395,46°37′22″N 09°07′30″E﻿ / ﻿46.62278°N 9.12500°E﻿ / 46.62278; 9.12500,Lepontine Alps,Graubünden,1801
310,Steinhüshorn,3121,182,46°40′04″N 08°19′56″E﻿ / ﻿46.66778°N 8.33222°E﻿ / 46.66778; 8.33222,Uri Alps,Bern,
311,Piz Gaglianera,3121,166,46°37′48″N 08°57′28″E﻿ / ﻿46.63000°N 8.95778°E﻿ / 46.63000; 8.95778,Lepontine Alps,Graubünden/Ticino,
312,Piz da l'Acqua,3118,310,46°36′40″N 10°08′20″E﻿ / ﻿46.61111°N 10.13889°E﻿ / 46.61111; 10.13889,Livigno Alps,Graubünden,1888
313,Piz Salteras,3111,220,46°34′54″N 09°42′30″E﻿ / ﻿46.58167°N 9.70833°E﻿ / 46.58167; 9.70833,Albula Alps,Graubünden,
314,Krönten,3108,330,46°46′56″N 08°34′10″E﻿ / ﻿46.78222°N 8.56944°E﻿ / 46.78222; 8.56944,Uri Alps,Uri,1868
315,Gletscherhorn,3107,413,46°23′15″N 09°33′38″E﻿ / ﻿46.38750°N 9.56056°E﻿ / 46.38750; 9.56056,Oberhalbstein Alps,Graubünden,1849
316,Pizz Gallagiun/Galleggione,3107,413,46°22′01″N 09°29′16″E﻿ / ﻿46.36694°N 9.48778°E﻿ / 46.36694; 9.48778,Oberhalbstein Alps,Graubünden,1861
317,Ruchi,3107,170,46°51′55″N 09°02′43″E﻿ / ﻿46.86528°N 9.04528°E﻿ / 46.86528; 9.04528,Glarus Alps,Glarus/Graubünden,
318,Vordere Helse,3106,167,46°18′54″N 08°10′55″E﻿ / ﻿46.31500°N 8.18194°E﻿ / 46.31500; 8.18194,Lepontine Alps,Valais,
319,Piz Lischana,3105,286,46°46′11″N 10°20′42″E﻿ / ﻿46.76972°N 10.34500°E﻿ / 46.76972; 10.34500,Sesvenna Alps,Graubünden,
320,Piz la Stretta / Monte Breva,3104,314,46°28′36″N 10°02′41″E﻿ / ﻿46.47667°N 10.04472°E﻿ / 46.47667; 10.04472,Livigno Alps,Graubünden,
321,Piz Zadrell,3104,164,46°48′46″N 10°03′19″E﻿ / ﻿46.81278°N 10.05528°E﻿ / 46.81278; 10.05528,Silvretta Alps,Graubünden,
322,Heimstock,3102,180,46°48′24″N 08°52′10″E﻿ / ﻿46.80667°N 8.86944°E﻿ / 46.80667; 8.86944,Glarus Alps,Graubünden/Uri,
323,Piz Albana,3100,230,46°28′52″N 09°46′25″E﻿ / ﻿46.48111°N 9.77361°E﻿ / 46.48111; 9.77361,Albula Alps,Graubünden,
324,Piz Segnas,3099,607,46°54′28″N 09°14′23″E﻿ / ﻿46.90778°N 9.23972°E﻿ / 46.90778; 9.23972,Glarus Alps,Glarus/Graubünden,1861
325,Gross Muttenhorn,3099,292,46°32′48″N 08°25′38″E﻿ / ﻿46.54667°N 8.42722°E﻿ / 46.54667; 8.42722,Lepontine Alps,Uri/Valais,
326,Piz Madlain,3099,159,46°44′23″N 10°20′21″E﻿ / ﻿46.73972°N 10.33917°E﻿ / 46.73972; 10.33917,Sesvenna Alps,Graubünden,
327,Piz Grisch,3098,171,46°31′03″N 09°47′07″E﻿ / ﻿46.51750°N 9.78528°E﻿ / 46.51750; 9.78528,Albula Alps,Graubünden,
328,Piz Rots,3097,279,46°55′31″N 10°18′58″E﻿ / ﻿46.92528°N 10.31611°E﻿ / 46.92528; 10.31611,Samnaun Alps,Graubünden,
329,Piz Giuv / Schattig Wichel,3096,749,46°42′07″N 08°41′33″E﻿ / ﻿46.70194°N 8.69250°E﻿ / 46.70194; 8.69250,Glarus Alps,Graubünden/Uri,1804
330,Piz Serra,3095,238,46°36′39″N 10°06′20″E﻿ / ﻿46.61083°N 10.10556°E﻿ / 46.61083; 10.10556,Livigno Alps,Graubünden,
331,Löffelhorn,3095,166,46°31′36″N 08°14′13″E﻿ / ﻿46.52667°N 8.23694°E﻿ / 46.52667; 8.23694,Bernese Alps,Bern/Valais,
332,Piz Cristanas,3092,239,46°44′04″N 10°23′32″E﻿ / ﻿46.73444°N 10.39222°E﻿ / 46.73444; 10.39222,Sesvenna Alps,Graubünden,
333,Piz Foraz,3092,238,46°41′27″N 10°16′37″E﻿ / ﻿46.69083°N 10.27694°E﻿ / 46.69083; 10.27694,Sesvenna Alps,Graubünden,
334,Flüela Wisshorn,3085,632,46°45′44″N 09°58′00″E﻿ / ﻿46.76222°N 9.96667°E﻿ / 46.76222; 9.96667,Silvretta Alps,Graubünden,1880
335,Cima da Lägh /Cima di Lago,3083,422,46°22′35″N 09°27′40″E﻿ / ﻿46.37639°N 9.46111°E﻿ / 46.37639; 9.46111,Oberhalbstein Alps,Graubünden,
336,Gischihorn,3083,160,46°18′58″N 08°12′53″E﻿ / ﻿46.31611°N 8.21472°E﻿ / 46.31611; 8.21472,Pennine Alps,Valais,
337,Tellispitza,3082,182,46°27′05″N 07°49′01″E﻿ / ﻿46.45139°N 7.81694°E﻿ / 46.45139; 7.81694,Bernese Alps,Valais,
338,Pointe de Tourtemagne,3080,206,46°12′16″N 07°39′42″E﻿ / ﻿46.20444°N 7.66167°E﻿ / 46.20444; 7.66167,Pennine Alps,Valais,
339,Lochberg,3079,225,46°37′30″N 08°29′53″E﻿ / ﻿46.62500°N 8.49806°E﻿ / 46.62500; 8.49806,Uri Alps,Uri,
340,Bocktschingel,3079,179,46°50′57″N 08°53′37″E﻿ / ﻿46.84917°N 8.89361°E﻿ / 46.84917; 8.89361,Glarus Alps,Glarus/Uri,
341,Chüealphorn,3078,472,46°41′07″N 09°54′19″E﻿ / ﻿46.68528°N 9.90528°E﻿ / 46.68528; 9.90528,Albula Alps,Graubünden,1877
342,Piz Surparé,3078,241,46°27′54″N 09°35′44″E﻿ / ﻿46.46500°N 9.59556°E﻿ / 46.46500; 9.59556,Oberhalbstein Alps,Graubünden,
343,Pointe du Tsaté,3078,162,46°06′34″N 07°32′56″E﻿ / ﻿46.10944°N 7.54889°E﻿ / 46.10944; 7.54889,Pennine Alps,Valais,
344,Hirsihorn,3076,162,46°11′13″N 07°39′32″E﻿ / ﻿46.18694°N 7.65889°E﻿ / 46.18694; 7.65889,Pennine Alps,Valais,
345,Piz Starlex,3075,779,46°39′46″N 10°23′33″E﻿ / ﻿46.66278°N 10.39250°E﻿ / 46.66278; 10.39250,Sesvenna Alps,Graubünden,
346,Piz Sena,3075,344,46°21′11″N 10°06′36″E﻿ / ﻿46.35306°N 10.11000°E﻿ / 46.35306; 10.11000,Livigno Alps,Graubünden,1901
347,Piz Posta Biala,3074,260,46°46′47″N 08°56′03″E﻿ / ﻿46.77972°N 8.93417°E﻿ / 46.77972; 8.93417,Glarus Alps,Graubünden,
348,Bristen,3073,567,46°44′13″N 08°40′52″E﻿ / ﻿46.73694°N 8.68111°E﻿ / 46.73694; 8.68111,Glarus Alps,Uri,1823
349,Pizzo Campo Tencia,3072,754,46°25′47″N 08°43′34″E﻿ / ﻿46.42972°N 8.72611°E﻿ / 46.42972; 8.72611,Lepontine Alps,Ticino,1867
350,Piz Chaschauna,3071,289,46°34′31″N 10°04′43″E﻿ / ﻿46.57528°N 10.07861°E﻿ / 46.57528; 10.07861,Livigno Alps,Graubünden,
351,Chüebodenhorn,3070,316,46°30′29″N 08°27′11″E﻿ / ﻿46.50806°N 8.45306°E﻿ / 46.50806; 8.45306,Lepontine Alps,Ticino/Valais,
352,Piz Minschun,3068,269,46°49′54″N 10°14′28″E﻿ / ﻿46.83167°N 10.24111°E﻿ / 46.83167; 10.24111,Silvretta Alps,Graubünden,
353,Gross Leckihorn,3068,222,46°32′09″N 08°27′51″E﻿ / ﻿46.53583°N 8.46417°E﻿ / 46.53583; 8.46417,Lepontine Alps,Uri/Valais,
354,Müeterlishorn,3066,285,46°37′30″N 08°29′53″E﻿ / ﻿46.62500°N 8.49806°E﻿ / 46.62500; 8.49806,Uri Alps,Uri,
355,Geltenhorn,3065,312,46°20′47″N 07°20′04″E﻿ / ﻿46.34639°N 7.33444°E﻿ / 46.34639; 7.33444,Bernese Alps,Bern/Valais,
356,Piz Radönt,3065,185,46°43′21″N 09°57′21″E﻿ / ﻿46.72250°N 9.95583°E﻿ / 46.72250; 9.95583,Albula Alps,Graubünden,
357,Hoch Ducan,3063,324,46°41′22″N 09°51′05″E﻿ / ﻿46.68944°N 9.85139°E﻿ / 46.68944; 9.85139,Albula Alps,Graubünden,1845
358,Cima dei Cogn,3063,177,46°25′56″N 09°05′19″E﻿ / ﻿46.43222°N 9.08861°E﻿ / 46.43222; 9.08861,Lepontine Alps,Graubünden/Ticino,
359,Stotzig Muttenhorn,3062,229,46°32′15″N 08°26′37″E﻿ / ﻿46.53750°N 8.44361°E﻿ / 46.53750; 8.44361,Lepontine Alps,Uri/Valais,
360,Piz dal Diavel,3062,176,46°37′21″N 10°08′21″E﻿ / ﻿46.62250°N 10.13917°E﻿ / 46.62250; 10.13917,Livigno Alps,Graubünden,
361,Pizzo Gallina,3061,378,46°29′41″N 08°23′31″E﻿ / ﻿46.49472°N 8.39194°E﻿ / 46.49472; 8.39194,Lepontine Alps,Ticino/Valais,
362,Piz Grisch,3060,544,46°31′52″N 09°28′22″E﻿ / ﻿46.53111°N 9.47278°E﻿ / 46.53111; 9.47278,Oberhalbstein Alps,Graubünden,1861
363,Piz Nair,3059,229,46°41′57″N 08°42′33″E﻿ / ﻿46.69917°N 8.70917°E﻿ / 46.69917; 8.70917,Glarus Alps,Graubünden/Uri,
364,Piz Fier,3059,153,46°35′52″N 10°05′52″E﻿ / ﻿46.59778°N 10.09778°E﻿ / 46.59778; 10.09778,Livigno Alps,Graubünden,
365,Piz Lavirun,3058,216,46°31′42″N 10°03′03″E﻿ / ﻿46.52833°N 10.05083°E﻿ / 46.52833; 10.05083,Livigno Alps,Graubünden,
366,Mont Ruan,3057,227,46°07′27″N 06°54′10″E﻿ / ﻿46.12417°N 6.90278°E﻿ / 46.12417; 6.90278,Chablais Alps,Valais,
367,Piz Nair,3057,184,46°30′23″N 09°47′15″E﻿ / ﻿46.50639°N 9.78750°E﻿ / 46.50639; 9.78750,Albula Alps,Graubünden,
368,Bruschghorn,3056,577,46°37′52″N 09°18′24″E﻿ / ﻿46.63111°N 9.30667°E﻿ / 46.63111; 9.30667,Lepontine Alps,Graubünden,
369,Usser Wissberg,3056,236,46°29′38″N 09°31′12″E﻿ / ﻿46.49389°N 9.52000°E﻿ / 46.49389; 9.52000,Oberhalbstein Alps,Graubünden,
370,Majinghorn,3054,230,46°23′28″N 07°41′21″E﻿ / ﻿46.39111°N 7.68917°E﻿ / 46.39111; 7.68917,Bernese Alps,Valais,
371,Diablon,3053,154,46°08′29″N 07°32′49″E﻿ / ﻿46.14139°N 7.54694°E﻿ / 46.14139; 7.54694,Pennine Alps,Valais,
372,Piz Forun,3052,458,46°39′19″N 09°51′54″E﻿ / ﻿46.65528°N 9.86500°E﻿ / 46.65528; 9.86500,Albula Alps,Graubünden,1847
373,Grand Muveran,3051,1013,46°14′14″N 07°07′34″E﻿ / ﻿46.23722°N 7.12611°E﻿ / 46.23722; 7.12611,Vaud Alps,Valais/Vaud,
374,Piz Minor,3049,584,46°27′04″N 10°01′42″E﻿ / ﻿46.45111°N 10.02833°E﻿ / 46.45111; 10.02833,Livigno Alps,Graubünden,
375,Gross Lohner,3049,560,46°27′43″N 07°36′00″E﻿ / ﻿46.46194°N 7.60000°E﻿ / 46.46194; 7.60000,Bernese Alps,Bern,1875
376,Piz dal Teo,3049,223,46°22′11″N 10°07′34″E﻿ / ﻿46.36972°N 10.12611°E﻿ / 46.36972; 10.12611,Livigno Alps,Graubünden,
377,Lorenzhorn,3048,179,46°31′33″N 09°07′32″E﻿ / ﻿46.52583°N 9.12556°E﻿ / 46.52583; 9.12556,Lepontine Alps,Graubünden,
378,Piz Laschadurella,3046,206,46°41′54″N 10°11′46″E﻿ / ﻿46.69833°N 10.19611°E﻿ / 46.69833; 10.19611,Sesvenna Alps,Graubünden,
379,Piz Bles,3045,190,46°23′54″N 09°28′01″E﻿ / ﻿46.39833°N 9.46694°E﻿ / 46.39833; 9.46694,Oberhalbstein Alps,Graubünden,
380,Piz Murtera,3044,449,46°46′31″N 10°02′26″E﻿ / ﻿46.77528°N 10.04056°E﻿ / 46.77528; 10.04056,Silvretta Alps,Graubünden,
381,Bocktenhorn,3044,196,46°42′26″N 09°54′10″E﻿ / ﻿46.70722°N 9.90278°E﻿ / 46.70722; 9.90278,Albula Alps,Graubünden,
382,Vernokhörner,3043,247,46°33′45″N 09°01′37″E﻿ / ﻿46.56250°N 9.02694°E﻿ / 46.56250; 9.02694,Lepontine Alps,Graubünden/Ticino,
383,Furggeltihorn,3043,180,46°32′03″N 09°03′47″E﻿ / ﻿46.53417°N 9.06306°E﻿ / 46.53417; 9.06306,Lepontine Alps,Graubünden,
384,Gross Wendenstock,3042,346,46°45′42″N 08°22′49″E﻿ / ﻿46.76167°N 8.38028°E﻿ / 46.76167; 8.38028,Uri Alps,Bern,1873
385,Piz Gannaretsch,3040,934,46°36′43″N 08°47′12″E﻿ / ﻿46.61194°N 8.78667°E﻿ / 46.61194; 8.78667,Lepontine Alps,Graubünden,
386,Chilchalphorn,3040,192,46°31′59″N 09°09′15″E﻿ / ﻿46.53306°N 9.15417°E﻿ / 46.53306; 9.15417,Lepontine Alps,Graubünden,
387,Alperschällihorn,3039,425,46°35′12″N 09°18′23″E﻿ / ﻿46.58667°N 9.30639°E﻿ / 46.58667; 9.30639,Lepontine Alps,Graubünden,1893
388,Piz Malmurainza,3038,229,46°54′22″N 10°24′26″E﻿ / ﻿46.90611°N 10.40722°E﻿ / 46.90611; 10.40722,Samnaun Alps,Graubünden,
389,Joderhorn,3036,190,45°59′46″N 07°59′21″E﻿ / ﻿45.99611°N 7.98917°E﻿ / 45.99611; 7.98917,Pennine Alps,Valais,
390,Piz Umbrail,3033,294,46°33′03″N 10°24′57″E﻿ / ﻿46.55083°N 10.41583°E﻿ / 46.55083; 10.41583,Ortler Alps,Graubünden,
391,Bürkelkopf,3033,229,46°59′22″N 10°20′49″E﻿ / ﻿46.98944°N 10.34694°E﻿ / 46.98944; 10.34694,Samnaun Alps,Graubünden,
392,Piz d'Immez,3033,168,46°44′28″N 10°22′42″E﻿ / ﻿46.74111°N 10.37833°E﻿ / 46.74111; 10.37833,Sesvenna Alps,Graubünden,
393,Sassal Mason,3032,203,46°23′24″N 10°00′49″E﻿ / ﻿46.39000°N 10.01361°E﻿ / 46.39000; 10.01361,Bernina Range,Graubünden,
394,Chlein Seehorn,3032,172,46°53′11″N 10°01′25″E﻿ / ﻿46.88639°N 10.02361°E﻿ / 46.88639; 10.02361,Silvretta Alps,Graubünden,
395,Piz S-chalembert,3031,722,46°48′03″N 10°24′48″E﻿ / ﻿46.80083°N 10.41333°E﻿ / 46.80083; 10.41333,Sesvenna Alps,Graubünden,
396,Piz Cotschen,3031,296,46°48′47″N 10°10′36″E﻿ / ﻿46.81306°N 10.17667°E﻿ / 46.81306; 10.17667,Silvretta Alps,Graubünden,
397,Frunthorn,3030,291,46°35′10″N 09°05′21″E﻿ / ﻿46.58611°N 9.08917°E﻿ / 46.58611; 9.08917,Lepontine Alps,Graubünden,
398,Selbsanft,3029,180,46°49′54″N 08°58′42″E﻿ / ﻿46.83167°N 8.97833°E﻿ / 46.83167; 8.97833,Glarus Alps,Glarus,
399,Piz Por,3028,733,46°30′34″N 09°23′03″E﻿ / ﻿46.50944°N 9.38417°E﻿ / 46.50944; 9.38417,Oberhalbstein Alps,Graubünden,1894
400,Bündner Vorab,3028,408,46°52′26″N 09°09′24″E﻿ / ﻿46.87389°N 9.15667°E﻿ / 46.87389; 9.15667,Glarus Alps,Glarus/Graubünden,1842
401,Piz dal Ras,3028,255,46°44′18″N 10°02′00″E﻿ / ﻿46.73833°N 10.03333°E﻿ / 46.73833; 10.03333,Albula Alps,Graubünden,
402,Piz Dolf,3028,250,46°54′12″N 09°16′00″E﻿ / ﻿46.90333°N 9.26667°E﻿ / 46.90333; 9.26667,Glarus Alps,Graubünden/St. Gallen,
403,Piz Davo Lais,3027,220,46°52′43″N 10°16′04″E﻿ / ﻿46.87861°N 10.26778°E﻿ / 46.87861; 10.26778,Silvretta Alps,Graubünden,
404,Piz Ault,3027,195,46°43′42″N 08°46′55″E﻿ / ﻿46.72833°N 8.78194°E﻿ / 46.72833; 8.78194,Glarus Alps,Graubünden/Uri,
405,Piz d'Arpiglias,3027,188,46°44′03″N 10°07′04″E﻿ / ﻿46.73417°N 10.11778°E﻿ / 46.73417; 10.11778,Sesvenna Alps,Graubünden,
406,Ginalshorn,3027,187,46°14′14″N 07°44′26″E﻿ / ﻿46.23722°N 7.74056°E﻿ / 46.23722; 7.74056,Pennine Alps,Valais,
407,Augstenhüreli,3027,162,46°41′30″N 09°54′11″E﻿ / ﻿46.69167°N 9.90306°E﻿ / 46.69167; 9.90306,Albula Alps,Graubünden,
408,Surettahorn,3027,156,46°30′35″N 09°21′45″E﻿ / ﻿46.50972°N 9.36250°E﻿ / 46.50972; 9.36250,Lepontine Alps,Graubünden,
409,Piz Cotschen,3026,269,46°32′29″N 10°27′31″E﻿ / ﻿46.54139°N 10.45861°E﻿ / 46.54139; 10.45861,Ortler Alps,Graubünden,
410,Piz Corbet,3025,672,46°22′47″N 09°16′49″E﻿ / ﻿46.37972°N 9.28028°E﻿ / 46.37972; 9.28028,Lepontine Alps,Graubünden,1892
411,Bella Tola,3025,235,46°13′53″N 07°38′46″E﻿ / ﻿46.23139°N 7.64611°E﻿ / 46.23139; 7.64611,Pennine Alps,Valais,
412,Ducangrat,3024,188,46°40′43″N 09°50′15″E﻿ / ﻿46.67861°N 9.83750°E﻿ / 46.67861; 9.83750,Albula Alps,Graubünden,
413,Wendenhorn,3023,311,46°45′14″N 08°26′37″E﻿ / ﻿46.75389°N 8.44361°E﻿ / 46.75389; 8.44361,Uri Alps,Bern/Uri,1884
414,Mont Gelé,3023,219,46°05′49″N 07°16′45″E﻿ / ﻿46.09694°N 7.27917°E﻿ / 46.09694; 7.27917,Pennine Alps,Valais,
415,Faltschonhorn,3022,249,46°36′45″N 09°06′54″E﻿ / ﻿46.61250°N 9.11500°E﻿ / 46.61250; 9.11500,Lepontine Alps,Graubünden,
416,Piz Vallatscha,3021,175,46°40′07″N 10°18′50″E﻿ / ﻿46.66861°N 10.31389°E﻿ / 46.66861; 10.31389,Sesvenna Alps,Graubünden,
417,Piz Blas,3019,312,46°34′38″N 08°43′41″E﻿ / ﻿46.57722°N 8.72806°E﻿ / 46.57722; 8.72806,Lepontine Alps,Graubünden/Ticino,1871
418,Tscheischhorn,3019,246,46°25′40″N 09°31′03″E﻿ / ﻿46.42778°N 9.51750°E﻿ / 46.42778; 9.51750,Oberhalbstein Alps,Graubünden,
419,Piz Murtelet,3019,188,46°40′13″N 09°52′06″E﻿ / ﻿46.67028°N 9.86833°E﻿ / 46.67028; 9.86833,Albula Alps,Graubünden,
420,Piz Turba,3018,253,46°24′37″N 09°36′20″E﻿ / ﻿46.41028°N 9.60556°E﻿ / 46.41028; 9.60556,Oberhalbstein Alps,Graubünden,
421,Piz Rondadura,3016,266,46°34′35″N 08°45′02″E﻿ / ﻿46.57639°N 8.75056°E﻿ / 46.57639; 8.75056,Lepontine Alps,Graubünden/Ticino,
422,Witenalpstock,3016,266,46°44′10″N 08°44′51″E﻿ / ﻿46.73611°N 8.74750°E﻿ / 46.73611; 8.74750,Glarus Alps,Graubünden/Uri,
423,Paraid Naira,3015,328,46°55′54″N 10°14′31″E﻿ / ﻿46.93167°N 10.24194°E﻿ / 46.93167; 10.24194,Silvretta Alps,Graubünden,1853
424,Piz Polaschin,3013,215,46°27′39″N 09°45′10″E﻿ / ﻿46.46083°N 9.75278°E﻿ / 46.46083; 9.75278,Albula Alps,Graubünden,
425,Piz Uffiern,3013,196,46°35′03″N 08°43′52″E﻿ / ﻿46.58417°N 8.73111°E﻿ / 46.58417; 8.73111,Lepontine Alps,Graubünden,
426,Tennbachhorn,3013,158,46°26′07″N 07°47′12″E﻿ / ﻿46.43528°N 7.78667°E﻿ / 46.43528; 7.78667,Bernese Alps,Valais,
427,Jufer Horen,3012,192,46°24′54″N 09°34′41″E﻿ / ﻿46.41500°N 9.57806°E﻿ / 46.41500; 9.57806,Oberhalbstein Alps,Graubünden,
428,Piz Nair,3010,238,46°40′05″N 10°16′21″E﻿ / ﻿46.66806°N 10.27250°E﻿ / 46.66806; 10.27250,Sesvenna Alps,Graubünden,
429,Piz Larain,3009,157,46°54′19″N 10°14′03″E﻿ / ﻿46.90528°N 10.23417°E﻿ / 46.90528; 10.23417,Silvretta Alps,Graubünden,
430,Piz Ravetsch,3007,292,46°35′03″N 08°42′11″E﻿ / ﻿46.58417°N 8.70306°E﻿ / 46.58417; 8.70306,Lepontine Alps,Graubünden,
431,Älplihorn,3006,426,46°42′39″N 09°49′33″E﻿ / ﻿46.71083°N 9.82583°E﻿ / 46.71083; 9.82583,Albula Alps,Graubünden,
432,Höhberghorn,3005,166,46°30′35″N 09°06′11″E﻿ / ﻿46.50972°N 9.10306°E﻿ / 46.50972; 9.10306,Lepontine Alps,Graubünden,
433,Piz Costainas,3004,199,46°33′46″N 10°28′25″E﻿ / ﻿46.56278°N 10.47361°E﻿ / 46.56278; 10.47361,Ortler Alps,Graubünden,
434,Reissend Nollen,3003,229,46°46′00″N 08°24′03″E﻿ / ﻿46.76667°N 8.40083°E﻿ / 46.76667; 8.40083,Uri Alps,Bern/Obwalden,
435,Pizzas d'Anarosa / Grauhörner,3002,366,46°35′56″N 09°18′57″E﻿ / ﻿46.59889°N 9.31583°E﻿ / 46.59889; 9.31583,Lepontine Alps,Graubünden,1894
436,Mittlere Lohner,3002,154,46°28′10″N 07°36′34″E﻿ / ﻿46.46944°N 7.60944°E﻿ / 46.46944; 7.60944,Bernese Alps,Bern,
437,Piz Mezzaun,3000,216,46°34′00″N 09°58′46″E﻿ / ﻿46.56667°N 9.97944°E﻿ / 46.56667; 9.97944,Livigno Alps,Graubünden,
